Cases,

662.1428571428571,

647.4285714285714,

630.5714285714286,

616.1428571428571,

526.4285714285714,

466.14285714285717,

